restaurant,avg_delivery_time,on_time_rate,avg_distance,deliveries_per_day
Capital City Tacos,20.67,83.33,4.66,5
Eastside Deli,20.23,86.67,5.99,4.29
GreenBite Cafe,21.46,87.18,5.84,5.57
Hillside Kitchen,19.67,89.74,5.28,5.57
Oak Street Bistro,20.95,89.19,5.17,5.29
Roosevelt Oyster House,18.31,91.67,5.03,5.14
Southside Pizza Lab,20.95,78.38,4.97,5.29
Triangle BBQ Co.,19.83,95.83,5.11,3.43
UrbanEats,20.17,91.67,5.36,6
Village Noodle Bar,19.74,90.48,5.69,6
